NAICS Code,Classification,Based on Criteria Established on 2-15-22
611110,Elementary and Secondary Schools ,Secondary School
561439,Other Business Service Centers (including Copy Shops) ,Medium Office
813110,Religious Organizations ,NONE APPLICABLE
445110,Supermarkets and Other Grocery Retailers (except Convenience Retailers) ,Supermarket
452210,Department Stores,Stand-alone Retail
531120,Lessors of Nonresidential Buildings (except Miniwarehouses) ,Medium Office
531110,Lessors of Residential Buildings and Dwellings ,Midrise Apartment
713940,Fitness and Recreational Sports Centers ,NONE APPLICABLE
488510,Freight Transportation Arrangement ,NONE APPLICABLE
484110,"General Freight Trucking, Local ",NONE APPLICABLE
442110,Furniture Stores,Stand-alone Retail
713990,All Other Amusement and Recreation Industries ,NONE APPLICABLE
493110,General Warehousing and Storage ,Warehouse
444190,Other Building Material Dealers,Stand-alone Retail
622110,General Medical and Surgical Hospitals ,Hospital
326199,All Other Plastics Product Manufacturing ,NONE APPLICABLE
441310,Automotive Parts and Accessories Stores,Stand-alone Retail
721110,Hotels (except Casino Hotels) and Motels ,Small Hotel
453998,All Other Miscellaneous Store Retailers,Stand-alone Retail
444110,Home Centers ,Stand-alone Retail
722310,Food Service Contractors,Quick Service Restaurant
611699,All Other Miscellaneous Schools and Instruction ,Secondary School
484121,"General Freight Trucking, Long-Distance, Truckload ",NONE APPLICABLE
611310,"Colleges, Universities, and Professional Schools ",Secondary School
623110,Nursing Care Facilities (Skilled Nursing Facilities) ,Outpatient Health Care
624190,Other Individual and Family Services ,Medium Office
424990,Other Miscellaneous Nondurable Goods Merchant Wholesalers ,Supermarket
6113,"Colleges, Universities, and Professional SchoolsT ",Secondary School
236115,New Single-Family Housing Construction (except For-Sale Builders) ,NONE APPLICABLE
423830,Industrial Machinery and Equipment Merchant Wholesalers ,Stand-alone Retail
452319,All Other General Merchandise Stores,Stand-alone Retail
441110,New Car Dealers ,NONE APPLICABLE
451110,Sporting Goods Stores,Stand-alone Retail
621111,Offices of Physicians (except Mental Health Specialists) ,Outpatient Health Care
424410,General Line Grocery Merchant Wholesalers ,Supermarket
551111,Offices of Bank Holding Companies ,Medium Office
423510,Metal Service Centers and Other Metal Merchant Wholesalers ,Stand-alone Retail
323111,Commercial Printing (except Screen and Books) ,NONE APPLICABLE
531210,Offices of Real Estate Agents and Brokers,Medium Office
811111,General Automotive Repair ,NONE APPLICABLE
452311,Warehouse Clubs and Supercenters,Warehouse
238220,"Plumbing, Heating, and Air-Conditioning Contractors ",NONE APPLICABLE
333318,Other Commercial and Service Industry Machinery Manufacturing,NONE APPLICABLE
812112,Beauty Salons ,NONE APPLICABLE
813410,Civic and Social Organizations ,NONE APPLICABLE
238990,All Other Specialty Trade Contractors,NONE APPLICABLE
112120,Dairy Cattle and Milk Production,NONE APPLICABLE
423610,"Electrical Apparatus and Equipment, Wiring Supplies, and Related Equipment Merchant Wholesalers ",Stand-alone Retail
423990,Other Miscellaneous Durable Goods Merchant Wholesalers ,Stand-alone Retail
424490,Other Grocery and Related Products Merchant Wholesalers ,Supermarket
332312,Fabricated Structural Metal Manufacturing ,NONE APPLICABLE
541330,Engineering Services,Medium Office
921190,Other General Government Support ,Medium Office
423310,"Lumber, Plywood, Millwork, and Wood Panel Merchant Wholesalers ",Stand-alone Retail
532120,"Truck, Utility Trailer, and RV (Recreational Vehicle) Rental and Leasing ",NONE APPLICABLE
446110,Pharmacies and Drug Stores,Stand-alone Retail
322211,Corrugated and Solid Fiber Box Manufacturing ,NONE APPLICABLE
531190,Lessors of Other Real Estate Property ,Medium Office
541199,All Other Legal Services ,Medium Office
445310,"Beer, Wine, and Liquor Stores",Stand-alone Retail
424930,"Flower, Nursery Stock, and Florists' Supplies Merchant Wholesalers ",Stand-alone Retail
522110,Commercial Banking ,Medium Office
332999,All Other Miscellaneous Fabricated Metal Product Manufacturing ,NONE APPLICABLE
491110,Postal Service,NONE APPLICABLE
423120,Motor Vehicle Supplies and New Parts Merchant Wholesalers ,Stand-alone Retail
621399,Offices of All Other Miscellaneous Health Practitioners ,Outpatient Health Care
423840,Industrial Supplies Merchant Wholesalers,Stand-alone Retail
541618,Other Management Consulting Services ,Medium Office
424910,Farm Supplies Merchant Wholesalers ,Stand-alone Retail
424480,Fresh Fruit and Vegetable Merchant Wholesalers ,Stand-alone Retail
624410,Child Care Services ,NONE APPLICABLE
423930,Recyclable Material Merchant Wholesalers ,Stand-alone Retail
312111,Soft Drink Manufacturing ,NONE APPLICABLE
541512,Computer Systems Design Services ,Medium Office
532310,General Rental Centers,Stand-alone Retail
325412,Pharmaceutical Preparation Manufacturing ,NONE APPLICABLE
453310,Used Merchandise Stores,Stand-alone Retail
511140,Directory and Mailing List Publishers,NONE APPLICABLE
331110,Iron and Steel Mills and Ferroalloy Manufacturing ,NONE APPLICABLE
922140,Correctional Institutions ,NONE APPLICABLE
813319,Other Social Advocacy Organizations ,Medium Office
424690,Other Chemical and Allied Products Merchant Wholesalers ,Stand-alone Retail
811310,Commercial and Industrial Machinery and Equipment (except Automotive and Electronic) Repair and Maintenance ,NONE APPLICABLE
812990,All Other Personal Services ,Medium Office
551112,Offices of Other Holding Companies ,Medium Office
339999,All Other Miscellaneous Manufacturing ,NONE APPLICABLE
325998,All Other Miscellaneous Chemical Product and Preparation Manufacturing ,NONE APPLICABLE
424810,Beer and Ale Merchant Wholesalers ,Stand-alone Retail
453110,Florists,Stand-alone Retail
623990,Other Residential Care Facilities ,Outpatient Health Care
111421,Nursery and Tree Production ,NONE APPLICABLE
336390,Other Motor Vehicle Parts Manufacturing,NONE APPLICABLE
524210,Insurance Agencies and Brokerages ,Medium Office
541611,Administrative Management and General Management Consulting Services ,Medium Office
311999,All Other Miscellaneous Food Manufacturing ,NONE APPLICABLE
928110,National Security ,NONE APPLICABLE
443142,Electronics Stores,Stand-alone Retail
424210,Drugs and Druggists' Sundries Merchant Wholesalers ,Stand-alone Retail
488999,All Other Support Activities for Transportation ,NONE APPLICABLE
238210,Electrical Contractors and Other Wiring Installation Contractors,NONE APPLICABLE
423730,Warm Air Heating and Air-Conditioning Equipment and Supplies Merchant Wholesalers ,Stand-alone Retail
517312,Wireless Telecommunications Carriers (except Satellite),NONE APPLICABLE
522130,Credit Unions ,Medium Office
448140,Family Clothing Stores,Stand-alone Retail
561499,All Other Business Support Services ,Medium Office
236118,Residential Remodelers ,NONE APPLICABLE
423210,Furniture Merchant Wholesalers ,Stand-alone Retail
423720,Plumbing and Heating Equipment and Supplies (Hydronics) Merchant Wholesalers ,Stand-alone Retail
322220,Paper Bag and Coated and Treated Paper Manufacturing,NONE APPLICABLE
523110,Investment Banking and Securities Dealing,Medium Office
541511,Custom Computer Programming Services ,Medium Office
423450,"Medical, Dental, and Hospital Equipment and Supplies Merchant Wholesalers ",Stand-alone Retail
332322,Sheet Metal Work Manufacturing ,NONE APPLICABLE
811121,"Automotive Body, Paint, and Interior Repair and Maintenance ",NONE APPLICABLE
7211,Traveler AccommodationT ,Medium Office
336411,Aircraft Manufacturing ,NONE APPLICABLE
321113,Sawmills ,NONE APPLICABLE
562119,Other Waste Collection ,NONE APPLICABLE
442299,All Other Home Furnishings Stores,Stand-alone Retail
531130,Lessors of Miniwarehouses and Self-Storage Units ,Warehouse
334419,Other Electronic Component Manufacturing ,NONE APPLICABLE
621999,All Other Miscellaneous Ambulatory Health Care Services ,Outpatient Health Care
326299,All Other Rubber Product Manufacturing ,NONE APPLICABLE
111998,All Other Miscellaneous Crop Farming ,NONE APPLICABLE
423220,Home Furnishing Merchant Wholesalers ,Stand-alone Retail
517311,Wired Telecommunications Carriers,NONE APPLICABLE
333249,Other Industrial Machinery Manufacturing,NONE APPLICABLE
51912,Libraries and Archives,NONE APPLICABLE
541519,Other Computer Related Services,Medium Office
332119,"Metal Crown, Closure, and Other Metal Stamping (except Automotive) ",NONE APPLICABLE
339112,Surgical and Medical Instrument Manufacturing ,NONE APPLICABLE
444130,Hardware Stores,Stand-alone Retail
448210,Shoe Stores,Stand-alone Retail
424130,Industrial and Personal Service Paper Merchant Wholesalers ,Stand-alone Retail
448120,Women's Clothing Stores,Stand-alone Retail
327120,Clay Building Material and Refractories Manufacturing ,NONE APPLICABLE
712110,Museums ,NONE APPLICABLE
423820,Farm and Garden Machinery and Equipment Merchant Wholesalers ,Stand-alone Retail
451120,"Hobby, Toy, and Game Stores",Stand-alone Retail
442210,Floor Covering Stores,Stand-alone Retail
517919,All Other Telecommunications,NONE APPLICABLE
519120,Libraries and Archives,NONE APPLICABLE
813990,"Other Similar Organizations (except Business, Professional, Labor, and Political Organizations) ",Medium Office
423330,"Roofing, Siding, and Insulation Material Merchant Wholesalers ",Stand-alone Retail
314999,All Other Miscellaneous Textile Product Mills ,NONE APPLICABLE
423130,Tire and Tube Merchant Wholesalers ,Stand-alone Retail
624310,Vocational Rehabilitation Services ,Medium Office
335999,All Other Miscellaneous Electrical Equipment and Component Manufacturing ,NONE APPLICABLE
321918,Other Millwork (including Flooring) ,NONE APPLICABLE
811412,Appliance Repair and Maintenance ,NONE APPLICABLE
213112,Support Activities for Oil and Gas Operations ,NONE APPLICABLE
493120,Refrigerated Warehousing and Storage,Warehouse
523910,Miscellaneous Intermediation ,Medium Office
922120,Police Protection ,NONE APPLICABLE
524113,Direct Life Insurance Carriers ,Medium Office
444220,"Nursery, Garden Center, and Farm Supply Stores",Stand-alone Retail
325211,Plastics Material and Resin Manufacturing ,NONE APPLICABLE
423710,Hardware Merchant Wholesalers ,Stand-alone Retail
221111,Hydroelectric Power Generation ,NONE APPLICABLE
453210,Office Supplies and Stationery Stores,Stand-alone Retail
327331,Concrete Block and Brick Manufacturing ,NONE APPLICABLE
541715,"Research and Development in the Physical, Engineering, and Life Sciences (except Nanotechnology and Biotechnology) ",NONE APPLICABLE
611210,Junior Colleges ,Secondary School
325510,Paint and Coating Manufacturing,NONE APPLICABLE
444120,Paint and Wallpaper Retailers ,Stand-alone Retail
453220,"Gift, Novelty, and Souvenir Stores",Stand-alone Retail
337121,Upholstered Household Furniture Manufacturing ,NONE APPLICABLE
423850,Service Establishment Equipment and Supplies Merchant Wholesalers ,Stand-alone Retail
6231,Nursing Care Facilities (Skilled Nursing Facilities)T ,Outpatient Health Care
488111,Air Traffic Control,NONE APPLICABLE
423320,"Brick, Stone, and Related Construction Material Merchant Wholesalers ",Stand-alone Retail
424610,Plastics Materials and Basic Forms and Shapes Merchant Wholesalers ,Stand-alone Retail
339950,Sign Manufacturing,NONE APPLICABLE
561110,Office Administrative Services,Medium Office
326140,Polystyrene Foam Product Manufacturing,NONE APPLICABLE
423110,Automobile and Other Motor Vehicle Merchant Wholesalers ,Stand-alone Retail
722410,Drinking Places (Alcoholic Beverages) ,Full Service Restaurant
333511,Industrial Mold Manufacturing ,NONE APPLICABLE
541990,"All Other Professional, Scientific, and Technical Services",Medium Office
451211,Book Stores,Stand-alone Retail
48811,Airport OperationsT ,NONE APPLICABLE
561311,Employment Placement Agencies ,Medium Office
423690,Other Electronic Parts and Equipment Merchant Wholesalers ,Stand-alone Retail
423440,Other Commercial Equipment Merchant Wholesalers ,Stand-alone Retail
541213,Tax Preparation Services ,Medium Office
812320,Drycleaning and Laundry Services (except Coin-Operated) ,NONE APPLICABLE
238350,Finish Carpentry Contractors,NONE APPLICABLE
921110,Executive Offices ,Medium Office
441228,"Motorcycle, ATV, and All Other Motor Vehicle Dealers",NONE APPLICABLE
621210,Offices of Dentists ,Outpatient Health Care
921120,Legislative Bodies ,NONE APPLICABLE
448310,Jewelry Stores,Stand-alone Retail
722330,Mobile Food Services,Quick Service Restaurant
325620,Toilet Preparation Manufacturing,NONE APPLICABLE
221310,Water Supply and Irrigation Systems ,NONE APPLICABLE
44611,Pharmacies and Drug Stores,Stand-alone Retail
448150,Clothing Accessories Stores,Stand-alone Retail
519190,All Other Information Services,Medium Office
334413,Semiconductor and Related Device Manufacturing ,NONE APPLICABLE
423430,Computer and Computer Peripheral Equipment and Software Merchant Wholesalers ,Stand-alone Retail
447190,Other Gasoline Stations,NONE APPLICABLE
451130," Sewing, Needlework, and Piece Goods Stores",Stand-alone Retail
541810,Advertising Agencies,Medium Office
424310,"Piece Goods, Notions, and Other Dry Goods Merchant Wholesalers ",Stand-alone Retail
322299,All Other Converted Paper Product Manufacturing ,NONE APPLICABLE
445299,All Other Specialty Food Stores,Stand-alone Retail
541940,Veterinary Services ,Outpatient Health Care
238160,Roofing Contractors ,NONE APPLICABLE
333999,All Other Miscellaneous General Purpose Machinery Manufacturing,NONE APPLICABLE
621610,Home Health Care Services,Outpatient Health Care
493190,Other Warehousing and Storage,Warehouse
811198,All Other Automotive Repair and Maintenance ,NONE APPLICABLE
448190,Other Clothing Stores,Stand-alone Retail
541211,Offices of Certified Public Accountants ,Medium Office
423810,Construction and Mining (except Oil Well) Machinery and Equipment Merchant Wholesalers ,Stand-alone Retail
336413,Other Aircraft Parts and Auxiliary Equipment Manufacturing ,NONE APPLICABLE
711110,Theater Companies and Dinner Theaters ,NONE APPLICABLE
332510,Hardware Manufacturing,NONE APPLICABLE
236220,Commercial and Institutional Building Construction ,NONE APPLICABLE
339920,Sporting and Athletic Goods Manufacturing,NONE APPLICABLE
424320,Men's and Boys' Clothing and Furnishings Merchant Wholesalers,Stand-alone Retail
111219,Other Vegetable (except Potato) and Melon Farming ,NONE APPLICABLE
238150,Glass and Glazing Contractors ,NONE APPLICABLE
446120,"Cosmetics, Beauty Supplies, and Perfume Stores",Stand-alone Retail
423910,Sporting and Recreational Goods and Supplies Merchant Wholesalers ,Stand-alone Retail
423390,Other Construction Material Merchant Wholesalers ,Stand-alone Retail
523999,Miscellaneous Financial Investment Activities ,Medium Office
311811,Retail Bakeries ,Quick Service Restaurant
337110,Wood Kitchen Cabinet and Countertop Manufacturing,NONE APPLICABLE
332618,Other Fabricated Wire Product Manufacturing ,NONE APPLICABLE
332722,"Bolt, Nut, Screw, Rivet, and Washer Manufacturing ",NONE APPLICABLE
424330," Women's, Children's, and Infants' Clothing and Accessories Merchant Wholesalers",Stand-alone Retail
443141, Household Appliance Stores,Stand-alone Retail
812111,Barber Shops ,NONE APPLICABLE
424520,Livestock Merchant Wholesalers ,Stand-alone Retail
813910,Business Associations ,Medium Office
532111,Passenger Car Rental ,NONE APPLICABLE
237990,Other Heavy and Civil Engineering Construction ,NONE APPLICABLE
325180,Other Basic Inorganic Chemical Manufacturing ,NONE APPLICABLE
115210,Support Activities for Animal Production,NONE APPLICABLE
332812,"Metal Coating, Engraving (except Jewelry and Silverware), and Allied Services to Manufacturers ",NONE APPLICABLE
315210,Cut and Sew Apparel Contractors ,NONE APPLICABLE
339910,Jewelry and Silverware Manufacturing ,NONE APPLICABLE
333517,Machine Tool Manufacturing ,NONE APPLICABLE
532411,"Commercial Air, Rail, and Water Transportation Equipment Rental and Leasing ",NONE APPLICABLE
561730,Landscaping Services,NONE APPLICABLE
336510,Railroad Rolling Stock Manufacturing,NONE APPLICABLE
441120,Used Car Dealers ,NONE APPLICABLE
322121,Paper (except Newsprint) Mills ,NONE APPLICABLE
722511,Full-Service Restaurants ,Full Service Restaurant
333914,"Measuring, Dispensing, and Other Pumping Equipment Manufacturing ",NONE APPLICABLE
333111,Farm Machinery and Equipment Manufacturing ,NONE APPLICABLE
332813,"Electroplating, Plating, Polishing, Anodizing, and Coloring ",NONE APPLICABLE
445210,Meat Markets,Supermarket
424510,Grain and Field Bean Merchant Wholesalers ,Stand-alone Retail
518210,"Computing Infrastructure Providers, Data Processing, Web Hosting, and Related Services",NONE APPLICABLE
336111,Automobile Manufacturing,NONE APPLICABLE
453910,Pet and Pet Supplies Stores,Stand-alone Retail
484230,"Specialized Freight (except Used Goods) Trucking, Long-Distance ",NONE APPLICABLE
424720,Petroleum and Petroleum Products Merchant Wholesalers (except Bulk Stations and Terminals) ,Stand-alone Retail
447110,Gasoline Stations with Convenience Stores,Stand-alone Retail
327390,Other Concrete Product Manufacturing ,NONE APPLICABLE
311421,Fruit and Vegetable Canning ,NONE APPLICABLE
813920,Professional Organizations ,Medium Office
332321,Metal Window and Door Manufacturing ,NONE APPLICABLE
332313,Plate Work Manufacturing ,NONE APPLICABLE
561790,Other Services to Buildings and Dwellings ,NONE APPLICABLE
321920,Wood Container and Pallet Manufacturing,NONE APPLICABLE
541430,Graphic Design Services,Medium Office
237310,"Highway, Street, and Bridge Construction ",NONE APPLICABLE
334511,"Search, Detection, Navigation, Guidance, Aeronautical, and Nautical System and Instrument Manufacturing ",NONE APPLICABLE
327991,Cut Stone and Stone Product Manufacturing ,NONE APPLICABLE
238310,Drywall and Insulation Contractors ,NONE APPLICABLE
488410,Motor Vehicle Towing,NONE APPLICABLE
561320,Temporary Help Services,Medium Office
523930,Investment Advice,Medium Office
711211,Sports Teams and Clubs ,NONE APPLICABLE
541380,Testing Laboratories and Services,NONE APPLICABLE
511110,Newspaper Publishers ,NONE APPLICABLE
221210,Natural Gas Distribution ,NONE APPLICABLE
453991,Tobacco Stores,Stand-alone Retail
334519,Other Measuring and Controlling Device Manufacturing ,NONE APPLICABLE
334510,Electromedical and Electrotherapeutic Apparatus Manufacturing ,NONE APPLICABLE
622310,Specialty (except Psychiatric and Substance Abuse) Hospitals ,Hospital
333413,Industrial and Commercial Fan and Blower and Air Purification Equipment Manufacturing ,NONE APPLICABLE
321999,All Other Miscellaneous Wood Product Manufacturing ,NONE APPLICABLE
488991,Packing and Crating ,NONE APPLICABLE
326113,Unlaminated Plastics Film and Sheet (except Packaging) Manufacturing ,NONE APPLICABLE
336212,Truck Trailer Manufacturing ,NONE APPLICABLE
454110,Electronic Shopping and Mail-Order Houses,NONE APPLICABLE
488320,Marine Cargo Handling,NONE APPLICABLE
333415,Air-Conditioning and Warm Air Heating Equipment and Commercial and Industrial Refrigeration Equipment Manufacturing ,NONE APPLICABLE
441320,Tire Dealers,NONE APPLICABLE
511210,Software Publishers,Medium Office
926120,Regulation and Administration of Transportation Programs ,NONE APPLICABLE
236116,New Multifamily Housing Construction (except For-Sale Builders) ,NONE APPLICABLE
424820,Wine and Distilled Alcoholic Beverage Merchant Wholesalers ,Stand-alone Retail
331210,Iron and Steel Pipe and Tube Manufacturing from Purchased Steel,NONE APPLICABLE
325411,Medicinal and Botanical Manufacturing ,NONE APPLICABLE
236210,Industrial Building Construction ,NONE APPLICABLE
713110,Amusement and Theme Parks ,NONE APPLICABLE
339113,Surgical Appliance and Supplies Manufacturing ,NONE APPLICABLE
313210,Broadwoven Fabric Mills,NONE APPLICABLE
333120,Construction Machinery Manufacturing,NONE APPLICABLE
423940,"Jewelry, Watch, Precious Stone, and Precious Metal Merchant Wholesalers ",Stand-alone Retail
332111,Iron and Steel Forging ,NONE APPLICABLE
238120,Structural Steel and Precast Concrete Contractors ,NONE APPLICABLE
424470,Meat and Meat Product Merchant Wholesalers ,Stand-alone Retail
325520,Adhesive Manufacturing,NONE APPLICABLE
492110,Couriers and Express Delivery Services,NONE APPLICABLE
332311,Prefabricated Metal Building and Component Manufacturing ,NONE APPLICABLE
812331,Linen Supply ,NONE APPLICABLE
337910,Mattress Manufacturing,NONE APPLICABLE
423420,Office Equipment Merchant Wholesalers ,Stand-alone Retail
541860,Direct Mail Advertising,NONE APPLICABLE
522210,Credit Card Issuing ,Medium Office
334513,"Instruments and Related Products Manufacturing for Measuring, Displaying, and Controlling Industrial Process Variables ",NONE APPLICABLE
481111,Scheduled Passenger Air Transportation ,NONE APPLICABLE
922160,Fire Protection ,NONE APPLICABLE
324110,Petroleum Refineries,NONE APPLICABLE
424120,Stationery and Office Supplies Merchant Wholesalers ,Stand-alone Retail
512110,Motion Picture and Video Production ,NONE APPLICABLE
621511,Medical Laboratories ,NONE APPLICABLE
115114,Postharvest Crop Activities (except Cotton Ginning) ,NONE APPLICABLE
512131,Motion Picture Theaters (except Drive-Ins) ,NONE APPLICABLE
311423,Dried and Dehydrated Food Manufacturing ,NONE APPLICABLE
334614,"Software and Other Prerecorded Compact Disc, Tape, and Record Reproducing",NONE APPLICABLE
322130,Paperboard Mills ,NONE APPLICABLE
811192,Car Washes ,NONE APPLICABLE
448110,Men's Clothing Stores,Stand-alone Retail
812310,Coin-Operated Laundries and Drycleaners ,NONE APPLICABLE
425120,Wholesale Trade Agents and Brokers ,Stand-alone Retail
922110,Courts ,NONE APPLICABLE
332323,Ornamental and Architectural Metal Work Manufacturing ,NONE APPLICABLE
322219,Other Paperboard Container Manufacturing ,NONE APPLICABLE
323120,Support Activities for Printing,NONE APPLICABLE
532210,Consumer Electronics and Appliances Rental,Stand-alone Retail
331523,Nonferrous Metal Die-Casting Foundries ,NONE APPLICABLE
238330,Flooring Contractors,NONE APPLICABLE
334118,Computer Terminal and Other Computer Peripheral Equipment Manufacturing ,NONE APPLICABLE
485119,Other Urban Transit Systems ,NONE APPLICABLE
561510,Travel Agencies,Medium Office
325199,All Other Basic Organic Chemical Manufacturing ,NONE APPLICABLE
524114,Direct Health and Medical Insurance Carriers ,Medium Office
812930,Parking Lots and Garages ,NONE APPLICABLE
424420,Packaged Frozen Food Merchant Wholesalers ,Supermarket
332439,Other Metal Container Manufacturing ,NONE APPLICABLE
454390,Other Direct Selling Establishments,NONE APPLICABLE
541310,Architectural Services,NONE APPLICABLE
493130,Farm Product Warehousing and Storage,Warehouse
523991,"Trust, Fiduciary, and Custody Activities ",Medium Office
522292,Real Estate Credit ,Medium Office
561720,Janitorial Services ,NONE APPLICABLE
336611,Ship Building and Repairing ,NONE APPLICABLE
424340,Footwear Merchant Wholesalers ,Stand-alone Retail
311611,Animal (except Poultry) Slaughtering ,NONE APPLICABLE
611513,Apprenticeship Training ,NONE APPLICABLE
331513,Steel Foundries (except Investment) ,NONE APPLICABLE
112990,All Other Animal Production ,NONE APPLICABLE
713120,Amusement Arcades,NONE APPLICABLE
561612,Security Guards and Patrol Services ,NONE APPLICABLE
621498,All Other Outpatient Care Centers ,Outpatient Health Care
332114,Custom Roll Forming ,NONE APPLICABLE
238320,Painting and Wall Covering Contractors,NONE APPLICABLE
623311,Continuing Care Retirement Communities ,Outpatient Health Care
811118,Other Automotive Mechanical and Electrical Repair and Maintenance,NONE APPLICABLE
424460,Fish and Seafood Merchant Wholesalers ,Supermarket
424430,Dairy Product (except Dried or Canned) Merchant Wholesalers ,Supermarket
923110,Administration of Education Programs ,Medium Office
441222,Boat Dealers ,NONE APPLICABLE
445120,Convenience Stores,Stand-alone Retail
337127,Institutional Furniture Manufacturing ,NONE APPLICABLE
238290,Other Building Equipment Contractors ,NONE APPLICABLE
335312,Motor and Generator Manufacturing ,NONE APPLICABLE
454210,Vending Machine Operators ,NONE APPLICABLE
541720,Research and Development in the Social Sciences and Humanities ,Medium Office
488390,Other Support Activities for Water Transportation,NONE APPLICABLE
524126,Direct Property and Casualty Insurance Carriers ,NONE APPLICABLE
333924,"Industrial Truck, Tractor, Trailer, and Stacker Machinery Manufacturing ",NONE APPLICABLE
511199,All Other Publishers,NONE APPLICABLE
423920,Toy and Hobby Goods and Supplies Merchant Wholesalers ,Stand-alone Retail
333922,Conveyor and Conveying Equipment Manufacturing ,NONE APPLICABLE
311511,Fluid Milk Manufacturing ,NONE APPLICABLE
238110,Poured Concrete Foundation and Structure Contractors ,
312130,Wineries ,
324191,Petroleum Lubricating Oil and Grease Manufacturing ,NONE APPLICABLE
326111,Plastics Bag and Pouch Manufacturing ,NONE APPLICABLE
311812,Commercial Bakeries ,
332721,Precision Turned Product Manufacturing ,NONE APPLICABLE
336612,Boat Building ,
531312,Nonresidential Property Managers ,
335122,"Commercial, Industrial, and Institutional Electric Lighting Fixture Manufacturing",NONE APPLICABLE
441210,Recreational Vehicle Dealers ,
711130,Musical Groups and Artists ,
339991,"Gasket, Packing, and Sealing Device Manufacturing ",NONE APPLICABLE
336211,Motor Vehicle Body Manufacturing ,NONE APPLICABLE
332216,Saw Blade and Handtool Manufacturing ,NONE APPLICABLE
331318,"Other Aluminum Rolling, Drawing, and Extruding ",
337212,Custom Architectural Woodwork and Millwork Manufacturing ,NONE APPLICABLE
325611,Soap and Other Detergent Manufacturing ,NONE APPLICABLE
811122,Automotive Glass Replacement Shops ,NONE APPLICABLE
711212,Racetracks ,
423620,"Household Appliances, Electric Housewares, and Consumer Electronics Merchant Wholesalers ",Stand-alone Retail
221114,Solar Electric Power Generation ,
327310,Cement Manufacturing,NONE APPLICABLE
335314,Relay and Industrial Control Manufacturing ,NONE APPLICABLE
813211,Grantmaking Foundations ,
711190,Other Performing Arts Companies ,
335129, Other Lighting Equipment Manufacturing,NONE APPLICABLE
311821,Cookie and Cracker Manufacturing ,NONE APPLICABLE
332919,Other Metal Valve and Pipe Fitting Manufacturing ,NONE APPLICABLE
322110,Pulp Mills ,
812210,Funeral Homes and Funeral Services ,
211120,Crude Petroleum Extraction ,
334412,Bare Printed Circuit Board Manufacturing  ,NONE APPLICABLE
331511,Iron Foundries ,
336320,Motor Vehicle Electrical and Electronic Equipment Manufacturing,NONE APPLICABLE
485310,Taxi and Ridesharing Services ,
326122,Plastics Pipe and Pipe Fitting Manufacturing ,NONE APPLICABLE
531311,Residential Property Managers ,
321211,Hardwood Veneer and Plywood Manufacturing ,NONE APPLICABLE
337125, Household Furniture (except Wood and Metal) Manufacturing,NONE APPLICABLE
531390,Other Activities Related to Real Estate ,
327215,Glass Product Manufacturing Made of Purchased Glass ,NONE APPLICABLE
446199,All Other Health and Personal Care Stores,Stand-alone Retail
335911,"	Storage Battery Manufacturing",NONE APPLICABLE
532490,Other Commercial and Industrial Machinery and Equipment Rental and Leasing ,NONE APPLICABLE
722515,Snack and Nonalcoholic Beverage Bars ,
314110,Carpet and Rug Mills,
425110,Business to Business Electronic Markets,
445292,Confectionery and Nut Retailers ,Stand-alone Retail
331529,Other Nonferrous Metal Foundries (except Die-Casting) ,
327211,Flat Glass Manufacturing ,NONE APPLICABLE
337122,Nonupholstered Wood Household Furniture Manufacturing ,NONE APPLICABLE
336999,All Other Transportation Equipment Manufacturing ,NONE APPLICABLE
311111,Dog and Cat Food Manufacturing ,NONE APPLICABLE
334220,Radio and Television Broadcasting and Wireless Communications Equipment Manufacturing,NONE APPLICABLE
334290,Other Communications Equipment Manufacturing,NONE APPLICABLE
311412,Frozen Specialty Food Manufacturing ,NONE APPLICABLE
336412,Aircraft Engine and Engine Parts Manufacturing ,NONE APPLICABLE
333132,Oil and Gas Field Machinery and Equipment Manufacturing ,NONE APPLICABLE
482111,Line-Haul Railroads ,
423490,Other Professional Equipment and Supplies Merchant Wholesalers ,Stand-alone Retail
237210,Land Subdivision ,
325612,Polish and Other Sanitation Good Manufacturing ,NONE APPLICABLE
311119,Other Animal Food Manufacturing ,NONE APPLICABLE
312120,Breweries,
333414,Heating Equipment (except Warm Air Furnaces) Manufacturing ,NONE APPLICABLE
333241,Food Product Machinery Manufacturing ,NONE APPLICABLE
321213,Engineered Wood Member (except Truss) Manufacturing,NONE APPLICABLE
313110,"Fiber, Yarn, and Thread Mills ",
334516,Analytical Laboratory Instrument Manufacturing ,NONE APPLICABLE
322212,Folding Paperboard Box Manufacturing ,NONE APPLICABLE
812332,Industrial Launderers ,
331524,Aluminum Foundries (except Die-Casting) ,
325130,Synthetic Dye and Pigment Manufacturing,NONE APPLICABLE
321992,Prefabricated Wood Building Manufacturing ,NONE APPLICABLE
561621,Security Systems Services (except Locksmiths) ,
322230,Stationery Product Manufacturing,NONE APPLICABLE
532412,"Construction, Mining, and Forestry Machinery and Equipment Rental and Leasing ",NONE APPLICABLE
332996,Fabricated Pipe and Pipe Fitting Manufacturing ,NONE APPLICABLE
485999,All Other Transit and Ground Passenger Transportation ,
311612,Meat Processed from Carcasses ,
238910,Site Preparation Contractors,
811420,Reupholstery and Furniture Repair,
327320,Ready-Mix Concrete Manufacturing,NONE APPLICABLE
337211,Wood Office Furniture Manufacturing ,NONE APPLICABLE
311513,Cheese Manufacturing ,NONE APPLICABLE
238340,Tile and Terrazzo Contractors,
311930,Flavoring Syrup and Concentrate Manufacturing,NONE APPLICABLE
921130,Public Finance Activities ,
423140,Motor Vehicle Parts (Used) Merchant Wholesalers ,Stand-alone Retail
713910,Golf Courses and Country Clubs,
522310,Mortgage and Nonmortgage Loan Brokers ,
332991,Ball and Roller Bearing Manufacturing,NONE APPLICABLE
332613,Spring Manufacturing ,NONE APPLICABLE
327910,Abrasive Product Manufacturing,NONE APPLICABLE
481219,Other Nonscheduled Air Transportation ,
541890,Other Services Related to Advertising ,
321214,Truss Manufacturing,NONE APPLICABLE
313230,Nonwoven Fabric Mills,
333515,Cutting Tool and Machine Tool Accessory Manufacturing ,NONE APPLICABLE
314120,Curtain and Linen Mills,
561591,Convention and Visitors Bureaus ,
424110,Printing and Writing Paper Merchant Wholesalers ,Stand-alone Retail
237110,Water and Sewer Line and Related Structures Construction ,
811219,Other Electronic and Precision Equipment Repair and Maintenance,
331410,Nonferrous Metal (except Aluminum) Smelting and Refining ,
424710,Petroleum Bulk Stations and Terminals ,
221112,Fossil Fuel Electric Power Generation ,
326211,Tire Manufacturing (except Retreading) ,NONE APPLICABLE
332913,Plumbing Fixture Fitting and Trim Manufacturing ,NONE APPLICABLE
445230,Fruit and Vegetable Retailers ,Stand-alone Retail
334417,Electronic Connector Manufacturing ,NONE APPLICABLE
333613,Mechanical Power Transmission Equipment Manufacturing ,NONE APPLICABLE
315280,"	Other Cut and Sew Apparel Manufacturing",NONE APPLICABLE
713930,Marinas,
541110,Offices of Lawyers,Medium Office
423860,Transportation Equipment and Supplies (except Motor Vehicle) Merchant Wholesalers ,Stand-alone Retail
424450,Confectionery Merchant Wholesalers ,Stand-alone Retail
333519,Rolling Mill and Other Metalworking Machinery Manufacturing ,NONE APPLICABLE
333992,Welding and Soldering Equipment Manufacturing ,NONE APPLICABLE
333912,Air and Gas Compressor Manufacturing ,NONE APPLICABLE
314910,Textile Bag and Canvas Mills ,
332911,Industrial Valve Manufacturing ,NONE APPLICABLE
624229,Other Community Housing Services ,
722320,Caterers,
311615,Poultry Processing ,
333923,"Overhead Traveling Crane, Hoist, and Monorail System Manufacturing ",NONE APPLICABLE
424440,Poultry and Poultry Product Merchant Wholesalers ,Stand-alone Retail
327993,Mineral Wool Manufacturing ,NONE APPLICABLE
311911,Roasted Nuts and Peanut Butter Manufacturing ,NONE APPLICABLE
721211,RV (Recreational Vehicle) Parks and Campgrounds ,
115310,Support Activities for Forestry,
337214,Office Furniture (except Wood) Manufacturing ,NONE APPLICABLE
334310,Audio and Video Equipment Manufacturing,NONE APPLICABLE
924120,Administration of Conservation Programs ,
332811,Metal Heat Treating ,
311514,"Dry, Condensed, and Evaporated Dairy Product Manufacturing ",NONE APPLICABLE
333611,Turbine and Turbine Generator Set Units Manufacturing ,NONE APPLICABLE
312230,Tobacco Manufacturing ,NONE APPLICABLE
561990,All Other Support Services,
311340,Nonchocolate Confectionery Manufacturing,NONE APPLICABLE
111419,Other Food Crops Grown Under Cover ,
335220,Major Household Appliance Manufacturing ,NONE APPLICABLE
311919,Other Snack Food Manufacturing ,NONE APPLICABLE
446130,Optical Goods Stores,Stand-alone Retail
522320,"Financial Transactions Processing, Reserve, and Clearinghouse Activities ",
722513,Limited-Service Restaurants ,Quick Service Restaurant
325320,Pesticide and Other Agricultural Chemical Manufacturing,NONE APPLICABLE
424590,Other Farm Product Raw Material Merchant Wholesalers ,Stand-alone Retail
611710,Educational Support Services,Medium Office
334210,Telephone Apparatus Manufacturing,NONE APPLICABLE
333243,"Sawmill, Woodworking, and Paper Machinery Manufacturing ",NONE APPLICABLE
313220,Narrow Fabric Mills and Schiffli Machine Embroidery,
333921,Elevator and Moving Stairway Manufacturing ,NONE APPLICABLE
331491,"Nonferrous Metal (except Copper and Aluminum) Rolling, Drawing, and Extruding ",
522220,Sales Financing ,
335210,Small Electrical Appliance Manufacturing,NONE APPLICABLE
315220,Men's and Boys' Cut and Sew Apparel Manufacturing,NONE APPLICABLE
3221,"Pulp, Paper, and Paperboard MillsT ",
423520,Coal and Other Mineral and Ore Merchant Wholesalers ,Stand-alone Retail
339930,"Doll, Toy, and Game Manufacturing",NONE APPLICABLE
236117,New Housing For-Sale Builders ,
424950,"Paint, Varnish, and Supplies Merchant Wholesalers ",Stand-alone Retail
923120,Administration of Public Health Programs ,
541320,Landscape Architectural Services,
336370,Motor Vehicle Metal Stamping,
448130,"	Children's and Infants' Clothing Stores",Stand-alone Retail
923130,"Administration of Human Resource Programs (except Education, Public Health, and Veterans' Affairs Programs) ",Medium Office
327999,All Other Miscellaneous Nonmetallic Mineral Product Manufacturing ,NONE APPLICABLE
424940,Tobacco Product and Electronic Cigarette Merchant Wholesalers ,Stand-alone Retail
336991,"Motorcycle, Bicycle, and Parts Manufacturing ",NONE APPLICABLE
333131,Mining Machinery and Equipment Manufacturing ,NONE APPLICABLE
561210,Facilities Support Services,
311411,"Frozen Fruit, Juice, and Vegetable Manufacturing ",NONE APPLICABLE
331222,Steel Wire Drawing ,
721214,Recreational and Vacation Camps (except Campgrounds) ,
713950,Bowling Centers,
333244,Printing Machinery and Equipment Manufacturing,NONE APPLICABLE
327213,Glass Container Manufacturing ,NONE APPLICABLE
522390,Other Activities Related to Credit Intermediation ,
332431,Metal Can Manufacturing ,NONE APPLICABLE
311211,Flour Milling ,
331420,"Copper Rolling, Drawing, Extruding, and Alloying",
315190,Other Apparel Knitting Mills,
326160,Plastics Bottle Manufacturing,NONE APPLICABLE
621310,Offices of Chiropractors ,
326291,Rubber Product Manufacturing for Mechanical Use ,NONE APPLICABLE
451140,"	Musical Instrument and Supplies Stores",Stand-alone Retail
332912,Fluid Power Valve and Hose Fitting Manufacturing ,NONE APPLICABLE
522293,"	International Trade Financing",
335110,Electric Lamp Bulb and Part Manufacturing,NONE APPLICABLE
326130,"Laminated Plastics Plate, Sheet (except Packaging), and Shape Manufacturing",NONE APPLICABLE
488210,Support Activities for Rail Transportation,
541922,Commercial Photography ,
334111,Electronic Computer Manufacturing ,NONE APPLICABLE
221320,Sewage Treatment Facilities ,
423740,Refrigeration Equipment and Supplies Merchant Wholesalers ,Stand-alone Retail
336214,Travel Trailer and Camper Manufacturing ,NONE APPLICABLE
325120,Industrial Gas Manufacturing,NONE APPLICABLE
111333,Strawberry Farming ,
311920,Coffee and Tea Manufacturing ,NONE APPLICABLE
325413,In-Vitro Diagnostic Substance Manufacturing ,NONE APPLICABLE
112111,Beef Cattle Ranching and Farming ,
311225,Fats and Oils Refining and Blending ,
621492,Kidney Dialysis Centers ,
925110,Administration of Housing Programs ,
334112,Computer Storage Device Manufacturing ,NONE APPLICABLE
561920,Convention and Trade Show Organizers,
313310,Textile and Fabric Finishing Mills ,
561440,Collection Agencies,
333112,Lawn and Garden Tractor and Home Lawn and Garden Equipment Manufacturing ,NONE APPLICABLE
111150,Corn Farming ,
485113,Bus and Other Motor Vehicle Transit Systems ,
333993,Packaging Machinery Manufacturing ,NONE APPLICABLE
336360,Motor Vehicle Seating and Interior Trim Manufacturing,NONE APPLICABLE
333618,Other Engine Equipment Manufacturing ,NONE APPLICABLE
562920,Materials Recovery Facilities ,
813930,Labor Unions and Similar Labor Organizations ,
326220,Rubber and Plastics Hoses and Belting Manufacturing,NONE APPLICABLE
315990,Apparel Accessories and Other Apparel Manufacturing ,NONE APPLICABLE
423460,Ophthalmic Goods Merchant Wholesalers ,Stand-alone Retail
326212,Tire Retreading ,
541513,Computer Facilities Management Services ,
212111,"	Bituminous Coal and Lignite Surface Mining",NONE APPLICABLE
561520,Tour Operators,
483211,Inland Water Freight Transportation ,
812199,Other Personal Care Services ,
812921,Photofinishing Laboratories (except One-Hour) ,
812220,Cemeteries and Crematories ,
112310,Chicken Egg Production ,
524128,"Other Direct Insurance (except Life, Health, and Medical) Carriers ",Stand-alone Retail
315240,"Women's, Girls', and Infants' Cut and Sew Apparel Manufacturing",NONE APPLICABLE
621320,Offices of Optometrists,
311710,Seafood Product Preparation and Packaging,
332994,"Small Arms, Ordnance, and Ordnance Accessories Manufacturing ",NONE APPLICABLE
332112,Nonferrous Forging ,
424920,"Book, Periodical, and Newspaper Merchant Wholesalers ",Stand-alone Retail
515112,"	Radio Stations",
522298,All Other Nondepository Credit Intermediation,
561710,Exterminating and Pest Control Services,
541921,"Photography Studios, Portrait ",
525910,Open-End Investment Funds ,
111332,Grape Vineyards ,
321991,Manufactured Home (Mobile Home) Manufacturing ,NONE APPLICABLE
311520,Ice Cream and Frozen Dessert Manufacturing,NONE APPLICABLE
711219,Other Spectator Sports ,
811212,Computer and Office Machine Repair and Maintenance,
525110,Pension Funds ,
312140,Distilleries ,
331221,Rolled Steel Shape Manufacturing ,NONE APPLICABLE
611519,Other Technical and Trade Schools ,Secondary School
485510,Charter Bus Industry,
333994,Industrial Process Furnace and Oven Manufacturing ,NONE APPLICABLE
5614,Business Support ServicesT ,
922190,"Other Justice, Public Order, and Safety Activities ",
484220,"Specialized Freight (except Used Goods) Trucking, Local ",
212311,Dimension Stone Mining and Quarrying ,NONE APPLICABLE
238140,Masonry Contractors ,
325414,Biological Product (except Diagnostic) Manufacturing ,NONE APPLICABLE
339994,"Broom, Brush, and Mop Manufacturing ",NONE APPLICABLE
484210,Used Household and Office Goods Moving,
221118,Other Electric Power Generation ,
541820,Public Relations Agencies,
327110,"Pottery, Ceramics, and Plumbing Fixture Manufacturing ",NONE APPLICABLE
111335,Tree Nut Farming ,
485210,Interurban and Rural Bus Transportation,
339115,Ophthalmic Goods Manufacturing ,NONE APPLICABLE
333314,"	Optical Instrument and Lens Manufacturing",NONE APPLICABLE
522190,Other Depository Credit Intermediation,
611620,Sports and Recreation Instruction ,
335311,"Power, Distribution, and Specialty Transformer Manufacturing ",NONE APPLICABLE
511130,"	Book Publishers",
483111,Deep Sea Freight Transportation ,
339993,"Fastener, Button, Needle, and Pin Manufacturing ",NONE APPLICABLE
721310,"Rooming and Boarding Houses, Dormitories, and Workers' Camps ",
238390,Other Building Finishing Contractors,
112112,Cattle Feedlots ,
333242,Semiconductor Machinery Manufacturing ,NONE APPLICABLE
325212,Synthetic Rubber Manufacturing ,NONE APPLICABLE
488190,Other Support Activities for Air Transportation,
212221,"	Gold Ore Mining",NONE APPLICABLE
339116,Dental Laboratories ,
488490,Other Support Activities for Road Transportation ,
928120,International Affairs ,
333995,Fluid Power Cylinder and Actuator Manufacturing ,NONE APPLICABLE
562998,All Other Miscellaneous Waste Management Services ,
924110,Administration of Air and Water Resource and Solid Waste Management Programs ,
333612,"Speed Changer, Industrial High-Speed Drive, and Gear Manufacturing ",NONE APPLICABLE
333316,Photographic and Photocopying Equipment Manufacturing,NONE APPLICABLE
485410,School and Employee Bus Transportation,
316998,All Other Leather Good and Allied Product Manufacturing,NONE APPLICABLE
522120,"	Savings Institutions",
811490,Other Personal and Household Goods Repair and Maintenance ,
335912,"	Primary Battery Manufacturing",NONE APPLICABLE
322291,Sanitary Paper Product Manufacturing ,NONE APPLICABLE
541910,Marketing Research and Public Opinion Polling,
923140,Administration of Veterans' Affairs ,
326191,Plastics Plumbing Fixture Manufacturing ,NONE APPLICABLE
212399,"	All Other Nonmetallic Mineral Mining",NONE APPLICABLE
335931,Current-Carrying Wiring Device Manufacturing ,NONE APPLICABLE
334416,"Capacitor, Resistor, Coil, Transformer, and Other Inductor Manufacturing ",NONE APPLICABLE
113110,Timber Tract Operations,
313240,Knit Fabric Mills,
453930,"	Manufactured (Mobile) Home Dealers",NONE APPLICABLE
486910,Pipeline Transportation of Refined Petroleum Products,
325220,Artificial and Synthetic Fibers and Filaments Manufacturing,NONE APPLICABLE
711310,"Promoters of Performing Arts, Sports, and Similar Events with Facilities ",
926150,"Regulation, Licensing, and Inspection of Miscellaneous Commercial Sectors ",
213111,Drilling Oil and Gas Wells,
325991,Custom Compounding of Purchased Resins ,
321219,Reconstituted Wood Product Manufacturing ,NONE APPLICABLE
331492,"Secondary Smelting, Refining, and Alloying of Nonferrous Metal (except Copper and Aluminum) ",
337124,Metal Household Furniture Manufacturing,NONE APPLICABLE
321114,Wood Preservation ,
327420,Gypsum Product Manufacturing,NONE APPLICABLE
111140,Wheat Farming,
311512,Creamery Butter Manufacturing ,NONE APPLICABLE
111336,Fruit and Tree Nut Combination Farming ,
811112,Automotive Exhaust System Repair,NONE APPLICABLE
221122,Electric Power Distribution ,
311813,"Frozen Cakes, Pies, and Other Pastries Manufacturing ",NONE APPLICABLE
336310,Motor Vehicle Gasoline Engine and Engine Parts Manufacturing,NONE APPLICABLE
334515,Instrument Manufacturing for Measuring and Testing Electricity and Electrical Signals ,NONE APPLICABLE
115112,"Soil Preparation, Planting, and Cultivating ",
515210,Cable and Other Subscription Programming,
313320,Fabric Coating Mills,
512191,Teleproduction and Other Postproduction Services ,
311422,Specialty Canning ,
213114,Support Activities for Metal Mining ,NONE APPLICABLE
326121,Unlaminated Plastics Profile Shape Manufacturing ,NONE APPLICABLE
562111,Solid Waste Collection ,
511120,"	Periodical Publishers",
811113,Automotive Transmission Repair,NONE APPLICABLE
327212,Other Pressed and Blown Glass and Glassware Manufacturing ,NONE APPLICABLE
334514,Totalizing Fluid Meter and Counting Device Manufacturing ,NONE APPLICABLE
333991,Power-Driven Handtool Manufacturing ,NONE APPLICABLE
335929,Other Communication and Energy Wire Manufacturing ,NONE APPLICABLE
311230,Breakfast Cereal Manufacturing,NONE APPLICABLE
321911,Wood Window and Door Manufacturing ,NONE APPLICABLE
111920,Cotton Farming,
624110,Child and Youth Services ,
812191,Diet and Weight Reducing Centers ,
533110,Lessors of Nonfinancial Intangible Assets (except Copyrighted Works),
311224,Soybean and Other Oilseed Processing ,
335313,Switchgear and Switchboard Apparatus Manufacturing ,NONE APPLICABLE
524127,Direct Title Insurance Carriers ,
112340,Poultry Hatcheries,
314994,"Rope, Cordage, Twine, Tire Cord, and Tire Fabric Mills ",
311824,"Dry Pasta, Dough, and Flour Mixes Manufacturing from Purchased Flour ",NONE APPLICABLE
523920,"	Portfolio Management",
311351,Chocolate and Confectionery Manufacturing from Cacao Beans ,NONE APPLICABLE
515120,"	Television Broadcasting",
611420,Computer Training ,
926130,"Regulation and Administration of Communications, Electric, Gas, and Other Utilities ",
111211,Potato Farming ,
541191,Title Abstract and Settlement Offices ,Medium Office
486210,Pipeline Transportation of Natural Gas,
561740,Carpet and Upholstery Cleaning Services,
112210,Hog and Pig Farming ,
325910,Printing Ink Manufacturing,NONE APPLICABLE
524298,All Other Insurance Related Activities ,
3262,Rubber Product ManufacturingT ,NONE APPLICABLE
334512,"Automatic Environmental Control Manufacturing for Residential, Commercial, and Appliance Use ",NONE APPLICABLE
541214,Payroll Services ,
336419,Other Guided Missile and Space Vehicle Parts and Auxiliary Equipment Manufacturing ,NONE APPLICABLE
811430,Footwear and Leather Goods Repair,
541840,Media Representatives,
111331,Apple Orchards ,
482112,Short Line Railroads ,
561421,Telephone Answering Services ,
481112,Scheduled Freight Air Transportation ,
541690,Other Scientific and Technical Consulting Services,
532289,All Other Consumer Goods Rental ,Stand-alone Retail
339995,Burial Casket Manufacturing ,NONE APPLICABLE
523120,Securities Brokerage,
624120,Services for the Elderly and Persons with Disabilities ,
111310,Orange Groves,
623312,Assisted Living Facilities for the Elderly ,
331315,"Aluminum Sheet, Plate, and Foil Manufacturing ",NONE APPLICABLE
721199,All Other Traveler Accommodation ,
712130,Zoos and Botanical Gardens ,
561910,Packaging and Labeling Services,
311213,Malt Manufacturing ,NONE APPLICABLE
812113,Nail Salons ,
541714,Research and Development in Biotechnology (except Nanobiotechnology),
454310,"	Fuel Dealers",
337920,Blind and Shade Manufacturing,NONE APPLICABLE
812910,Pet Care (except Veterinary) Services ,
813940,Political Organizations ,
541410,Interior Design Services,
541620,Environmental Consulting Services,
339114,Dental Equipment and Supplies Manufacturing ,NONE APPLICABLE
237130,Power and Communication Line and Related Structures Construction ,
541870,Advertising Material Distribution Services,
339992,Musical Instrument Manufacturing ,NONE APPLICABLE
112511,Finfish Farming and Fish Hatcheries ,
315110,Hosiery and Sock Mills,
336992,"Military Armored Vehicle, Tank, and Tank Component Manufacturing ",NONE APPLICABLE
512120,Motion Picture and Video Distribution,
922130,Legal Counsel and Prosecution ,
442291,Window Treatment Stores,Stand-alone Retail
311314,Cane Sugar Manufacturing ,NONE APPLICABLE
713290,Other Gambling Industries ,
611610,Fine Arts Schools ,Secondary School
339940,Office Supplies (except Paper) Manufacturing,NONE APPLICABLE
335991,Carbon and Graphite Product Manufacturing ,NONE APPLICABLE
926140,Regulation of Agricultural Marketing and Commodities ,
621493,Freestanding Ambulatory Surgical and Emergency Centers ,
523130,Commodity Contracts Dealing,
337215,"Showcase, Partition, Shelving, and Locker Manufacturing ",NONE APPLICABLE
517911,Telecommunications Resellers,
332992,Small Arms Ammunition Manufacturing ,NONE APPLICABLE
326112,Plastics Packaging Film and Sheet (including Laminated) Manufacturing ,NONE APPLICABLE
926110,Administration of General Economic Programs ,
221121,Electric Bulk Power Transmission and Control ,
335932,Noncurrent-Carrying Wiring Device Manufacturing ,NONE APPLICABLE
336213,Motor Home Manufacturing ,NONE APPLICABLE
325314,Fertilizer (Mixing Only) Manufacturing ,NONE APPLICABLE
541219,Other Accounting Services ,
511191,"	Greeting Card Publishers",
112390,Other Poultry Production ,
114119,Other Marine Fishing ,
812922,One-Hour Photofinishing ,
621991,Blood and Organ Banks ,
525990,Other Financial Vehicles ,
525920,"Trusts, Estates, and Agency Accounts ",
483212,Inland Water Passenger Transportation ,
212319,Other Crushed and Broken Stone Mining and Quarrying ,NONE APPLICABLE
335121,"	Residential Electric Lighting Fixture Manufacturing",NONE APPLICABLE
532112,Passenger Car Leasing ,
112330,Turkey Production,
561599,All Other Travel Arrangement and Reservation Services ,
532284,Recreational Goods Rental ,Stand-alone Retail
814110,Private Households,
562219,Other Nonhazardous Waste Treatment and Disposal ,
336414,Guided Missile and Space Vehicle Manufacturing ,NONE APPLICABLE
541614,"Process, Physical Distribution, and Logistics Consulting Services ",
921140,"Executive and Legislative Offices, Combined ",Medium Office
212321,Construction Sand and Gravel Mining ,NONE APPLICABLE
323117,Books Printing ,
111160,Rice Farming,
311613,Rendering and Meat Byproduct Processing ,
321212,Softwood Veneer and Plywood Manufacturing ,NONE APPLICABLE
519130,Internet Publishing and Broadcasting and Web Search Portals,
713210,Casinos (except Casino Hotels),
334517,Irradiation Apparatus Manufacturing ,NONE APPLICABLE
525190,Other Insurance Funds ,
423410,Photographic Equipment and Supplies Merchant Wholesalers ,Stand-alone Retail
522294,Secondary Market Financing,
448320,"	Luggage and Leather Goods Stores",Stand-alone Retail
327992,Ground or Treated Mineral and Earth Manufacturing ,NONE APPLICABLE
512230,Music Publishers,
332993,Ammunition (except Small Arms) Manufacturing ,NONE APPLICABLE
336415,Guided Missile and Space Vehicle Propulsion Unit and Propulsion Unit Parts Manufacturing ,NONE APPLICABLE
712190,Nature Parks and Other Similar Institutions,
611692,Automobile Driving Schools ,
237120,Oil and Gas Pipeline and Related Structures Construction ,
332710,Machine Shops,
483112,Deep Sea Passenger Transportation ,
621391,Offices of Podiatrists ,
445291,Baked Goods Retailers ,Stand-alone Retail
927110,Space Research and Technology ,
722514,"Cafeterias, Grill Buffets, and Buffets ",Full Service Restaurant
512199,Other Motion Picture and Video Industries ,
551114,"Corporate, Subsidiary, and Regional Managing Offices ",
483114,Coastal and Great Lakes Passenger Transportation ,
332215,"Metal Kitchen Cookware, Utensil, Cutlery, and Flatware (except Precious) Manufacturing ",NONE APPLICABLE
541360,Geophysical Surveying and Mapping Services,
112920,Horses and Other Equine Production,
562211,Hazardous Waste Treatment and Disposal ,
541612,Human Resources Consulting Services ,
711510,"Independent Artists, Writers, and Performers ",
212222,Silver Ore Mining,NONE APPLICABLE
532420,Office Machinery and Equipment Rental and Leasing,Stand-alone Retail
111199,All Other Grain Farming ,
323113,Commercial Screen Printing ,
325110,Petrochemical Manufacturing,NONE APPLICABLE
113310,Logging ,
336350,Motor Vehicle Transmission and Power Train Parts Manufacturing,NONE APPLICABLE
111422,Floriculture Production ,
335921,Fiber Optic Cable Manufacturing ,NONE APPLICABLE
325311,Nitrogenous Fertilizer Manufacturing ,NONE APPLICABLE
622210,Psychiatric and Substance Abuse Hospitals ,Hospital
541613,Marketing Consulting Services ,
324121,Asphalt Paving Mixture and Block Manufacturing ,NONE APPLICABLE
311221,Wet Corn Milling and Starch Manufacturing ,NONE APPLICABLE
311212,Rice Milling ,
111120,Oilseed (except Soybean) Farming ,
212291,"	Uranium-Radium-Vanadium Ore Mining",NONE APPLICABLE
316992,"	Women's Handbag and Purse Manufacturing",NONE APPLICABLE
113210,Forest Nurseries and Gathering of Forest Products ,
311352,Confectionery Manufacturing from Purchased Chocolate ,NONE APPLICABLE
311313,Beet Sugar Manufacturing ,NONE APPLICABLE
2389,Other Specialty Trade ContractorsT ,
212322,Industrial Sand Mining ,NONE APPLICABLE
311942,Spice and Extract Manufacturing ,NONE APPLICABLE
321912,"Cut Stock, Resawing Lumber, and Planing ",
488310,Port and Harbor Operations,
4238,"Machinery, Equipment, and Supplies Merchant Wholesalers ",Stand-alone Retail
316110,Leather and Hide Tanning and Finishing,
326150,Urethane and Other Foam Product (except Polystyrene) Manufacturing,NONE APPLICABLE
111411,Mushroom Production ,
115113,"Crop Harvesting, Primarily by Machine ",
55111,Management of Companies and EnterprisesT ,
212210,Iron Ore Mining,NONE APPLICABLE
8141,Private HouseholdsT ,
115111,Cotton Ginning ,
114112,Shellfish Fishing ,
483113,Coastal and Great Lakes Freight Transportation ,
623210,Residential Intellectual and Developmental Disability Facilities ,
115116,Farm Management Services ,
324199,All Other Petroleum and Coal Products Manufacturing ,NONE APPLICABLE
112519,Other Aquaculture ,
623220,Residential Mental Health and Substance Abuse Facilities ,
112320,Broilers and Other Meat Type Chicken Production ,
561450,Credit Bureaus,
453920,"	Art Dealers",
331313,Alumina Refining and Primary Aluminum Production ,
212312,Crushed and Broken Limestone Mining and Quarrying ,NONE APPLICABLE
541370,Surveying and Mapping (except Geophysical) Services,
486990,All Other Pipeline Transportation,
541850,Indoor and Outdoor Display Advertising,
624230,Emergency and Other Relief Services ,
532282,Video Tape and Disc Rental,Stand-alone Retail
512132,Drive-In Motion Picture Theaters ,
212299,"	All Other Metal Ore Mining",NONE APPLICABLE
213115,Support Activities for Nonmetallic Minerals (except Fuels) Mining ,NONE APPLICABLE
212230,"Copper, Nickel, Lead, and Zinc Mining",NONE APPLICABLE
5418,"Advertising, Public Relations, and Related ServicesT ",
488119,Other Airport Operations ,
325613,Surface Active Agent Manufacturing ,NONE APPLICABLE
332410,Power Boiler and Heat Exchanger Manufacturing,NONE APPLICABLE
561422,Telemarketing Bureaus and Other Contact Centers ,
111930,Sugarcane Farming,
711320,"Promoters of Performing Arts, Sports, and Similar Events without Facilities ",
541490,Other Specialized Design Services,
925120,Administration of Urban Planning and Community and Rural Development ,
621340,"Offices of Physical, Occupational and Speech Therapists, and Audiologists ",
3336,"Engine, Turbine, and Power Transmission Equipment ManufacturingT ",NONE APPLICABLE
324122,Asphalt Shingle and Coating Materials Manufacturing ,NONE APPLICABLE
3251,Basic Chemical ManufacturingT ,NONE APPLICABLE
336330,Motor Vehicle Steering and Suspension Components (except Spring) Manufacturing,NONE APPLICABLE
446191,Food (Health) Supplement Stores,Stand-alone Retail
333997,"	Scale and Balance Manufacturing",NONE APPLICABLE
332420,Metal Tank (Heavy Gauge) Manufacturing,NONE APPLICABLE
4231,Motor Vehicle and Motor Vehicle Parts and Supplies Merchant Wholesalers ,Stand-alone Retail
611430,Professional and Management Development Training ,
5416,"Management, Scientific, and Technical Consulting ServicesT ",
811211,"	Consumer Electronics Repair and Maintenance",
7112,Spectator SportsT ,
325312,Phosphatic Fertilizer Manufacturing ,NONE APPLICABLE
212393,"	Other Chemical and Fertilizer Mineral Mining",NONE APPLICABLE
221113,Nuclear Electric Power Generation ,
212112,Bituminous Coal Underground Mining,NONE APPLICABLE
114210,Hunting and Trapping,
611410,Business and Secretarial Schools ,Secondary School
561410,Document Preparation Services,
532283,Home Health Equipment Rental ,Stand-alone Retail
56211,Waste Collection ,
624221,Temporary Shelters ,
333996,Fluid Power Pump and Motor Manufacturing ,NONE APPLICABLE
485320,Limousine Service,
721120,Casino Hotels,
512290,Other Sound Recording Industries,
334613,"	Blank Magnetic and Optical Recording Media Manufacturing",NONE APPLICABLE
451212,"	News Dealers and Newsstands",
221330,Steam and Air-Conditioning Supply ,
486110,Pipeline Transportation of Crude Oil,
611511,Cosmetology and Barber Schools ,
561330,Professional Employer Organizations,
111334,Berry (except Strawberry) Farming ,
813312,"Environment, Conservation and Wildlife Organizations ",
238130,Framing Contractors ,
325920,Explosives Manufacturing,NONE APPLICABLE
512240,Sound Recording Studios,
